{
"lasym":false,
"nfp":4,
"mpol":6,
"ntor":6,
"ntheta":0,
"nzeta":0,
"ns_array":[
9,
51],
"ftol_array":[
9.9999999999999995E-007,
3.0000000000000000E-011],
"niter_array":[
1000,
2000],
"delt":0.90000000000000002,
"tcon0":1.0000000000000000,
"aphi":[
1.0000000000000000],
"phiedge":1.0000000000000000,
"nstep":200,
"pmass_type":"power_series",
"am":[
0.0000000000000000],
"pres_scale":1.0000000000000000,
"gamma":0.0000000000000000,
"spres_ped":1.0000000000000000,
"ncurr":1,
"pcurr_type":"power_series",
"ac":[
0.0000000000000000],
"curtor":0.0000000000000000,
"bloat":1.0000000000000000,
"lfreeb":false,
"mgrid_file":"NONE",
"nvacskip":1,
"lforbal":false,
"raxis_c":[
0.0000000000000000,
0.0000000000000000,
0.0000000000000000,
0.0000000000000000,
0.0000000000000000,
0.0000000000000000,
0.0000000000000000],
"zaxis_s":[
0.0000000000000000,
0.0000000000000000,
0.0000000000000000,
0.0000000000000000,
0.0000000000000000,
0.0000000000000000,
0.0000000000000000],
"rbc":[
{"n":   0,"m":   0,"value": 0.100000000000000000E+01},
{"n":   0,"m":   1,"value":-0.100000000000000006E+00}],
"zbs":[
{"n":   0,"m":   1,"value":-0.100000000000000006E+00}]}
